t_msg,Sender,Message Type
0.0,sar_sat_3_0,PLAN
0.0,sar_sat_2_0,PLAN
0.0,vis_sat_0_0,PLAN
0.0,therm_sat_2_0,PLAN
0.0,vis_sat_4_0,PLAN
0.0,therm_sat_0_0,PLAN
0.0,therm_sat_6_0,PLAN
0.0,vis_sat_7_0,PLAN
0.0,therm_sat_4_0,PLAN
0.0,therm_sat_3_0,PLAN
0.0,vis_sat_6_0,PLAN
0.0,sar_sat_7_0,PLAN
0.0,therm_sat_1_0,PLAN
0.0,sar_sat_1_0,PLAN
0.0,therm_sat_5_0,PLAN
0.0,vis_sat_2_0,PLAN
0.0,vis_sat_3_0,PLAN
0.0,vis_sat_1_0,PLAN
0.0,sar_sat_5_0,PLAN
0.0,sar_sat_6_0,PLAN
0.0,sar_sat_4_0,PLAN
0.0,vis_sat_5_0,PLAN
0.0,sar_sat_0_0,PLAN
0.0,therm_sat_7_0,PLAN
20.0,therm_sat_6_0,OBSERVATION_PERFORMED
40.0,sar_sat_6_0,OBSERVATION_PERFORMED
160.0,sar_sat_0_0,OBSERVATION_PERFORMED
230.0,sar_sat_0_0,OBSERVATION_PERFORMED
249.99999999999997,sar_sat_0_0,OBSERVATION_PERFORMED
320.0,sar_sat_6_0,OBSERVATION_PERFORMED
540.0,therm_sat_3_0,OBSERVATION_PERFORMED
640.0,vis_sat_3_0,OBSERVATION_PERFORMED
650.0,therm_sat_4_0,OBSERVATION_PERFORMED
660.0,vis_sat_2_0,OBSERVATION_PERFORMED
730.0,sar_sat_7_0,OBSERVATION_PERFORMED
820.0,sar_sat_1_0,OBSERVATION_PERFORMED
830.0,sar_sat_1_0,OBSERVATION_PERFORMED
920.0,therm_sat_1_0,OBSERVATION_PERFORMED
940.0,therm_sat_1_0,OBSERVATION_PERFORMED
980.0,therm_sat_1_0,OBSERVATION_PERFORMED
1170.0,therm_sat_5_0,OBSERVATION_PERFORMED
1180.0,therm_sat_5_0,OBSERVATION_PERFORMED
1200.0,therm_sat_5_0,OBSERVATION_PERFORMED
1200.0,sar_sat_3_0,OBSERVATION_PERFORMED
1440.0,vis_sat_1_0,OBSERVATION_PERFORMED
1800.0,therm_sat_6_0,OBSERVATION_PERFORMED
1840.0,therm_sat_6_0,OBSERVATION_PERFORMED
1880.0,therm_sat_4_0,OBSERVATION_PERFORMED
1900.0,therm_sat_2_0,OBSERVATION_PERFORMED
1910.0,vis_sat_4_0,OBSERVATION_PERFORMED
1920.0,sar_sat_1_0,OBSERVATION_PERFORMED
1920.0,therm_sat_4_0,OBSERVATION_PERFORMED
1930.0,vis_sat_4_0,OBSERVATION_PERFORMED
1930.0,therm_sat_4_0,OBSERVATION_PERFORMED
1950.0,therm_sat_2_0,OBSERVATION_PERFORMED
1990.0,vis_sat_4_0,OBSERVATION_PERFORMED
2010.0,therm_sat_6_0,OBSERVATION_PERFORMED
2050.0,sar_sat_5_0,OBSERVATION_PERFORMED
2110.0,therm_sat_5_0,OBSERVATION_PERFORMED
2160.0,therm_sat_3_0,OBSERVATION_PERFORMED
2260.0,vis_sat_7_0,OBSERVATION_PERFORMED
2290.0,vis_sat_0_0,OBSERVATION_PERFORMED
2370.0,vis_sat_3_0,OBSERVATION_PERFORMED
2430.0,sar_sat_0_0,OBSERVATION_PERFORMED
2430.0,therm_sat_5_0,OBSERVATION_PERFORMED
2440.0,vis_sat_3_0,OBSERVATION_PERFORMED
2730.0,therm_sat_5_0,OBSERVATION_PERFORMED
2740.0,vis_sat_5_0,OBSERVATION_PERFORMED
2770.0,therm_sat_1_0,OBSERVATION_PERFORMED
2780.0,therm_sat_1_0,OBSERVATION_PERFORMED
2820.0,vis_sat_1_0,OBSERVATION_PERFORMED
2820.0,therm_sat_3_0,OBSERVATION_PERFORMED
2820.0,vis_sat_6_0,OBSERVATION_PERFORMED
2840.0,vis_sat_1_0,OBSERVATION_PERFORMED
2879.9999999999995,therm_sat_4_0,OBSERVATION_PERFORMED
2890.0,therm_sat_1_0,OBSERVATION_PERFORMED
2900.0,therm_sat_1_0,OBSERVATION_PERFORMED
2999.9999999999995,vis_sat_6_0,OBSERVATION_PERFORMED
3030.0,vis_sat_5_0,OBSERVATION_PERFORMED
3030.0,vis_sat_5_0,MEASUREMENT_REQ
3030.0,sar_sat_3_0,MEASUREMENT_BID
3030.0,vis_sat_6_0,MEASUREMENT_BID
3030.0,therm_sat_2_0,MEASUREMENT_BID
3030.0,vis_sat_5_0,MEASUREMENT_BID
3030.0,therm_sat_6_0,MEASUREMENT_BID
3030.0,sar_sat_0_0,MEASUREMENT_BID
3030.0,sar_sat_7_0,MEASUREMENT_BID
3030.0,therm_sat_4_0,MEASUREMENT_BID
3030.0,therm_sat_7_0,MEASUREMENT_BID
3030.0,vis_sat_3_0,MEASUREMENT_BID
3030.0,vis_sat_0_0,MEASUREMENT_BID
3030.0,sar_sat_5_0,MEASUREMENT_BID
3030.0,sar_sat_4_0,MEASUREMENT_BID
3030.0,sar_sat_6_0,MEASUREMENT_BID
3030.0,therm_sat_3_0,MEASUREMENT_BID
3030.0,vis_sat_2_0,MEASUREMENT_BID
3030.0,therm_sat_5_0,MEASUREMENT_BID
3030.0,vis_sat_4_0,MEASUREMENT_BID
3030.0,vis_sat_7_0,MEASUREMENT_BID
3030.0,therm_sat_1_0,MEASUREMENT_BID
3030.0,therm_sat_0_0,MEASUREMENT_BID
3030.0,sar_sat_1_0,MEASUREMENT_BID
3030.0,sar_sat_2_0,MEASUREMENT_BID
3030.0,vis_sat_1_0,MEASUREMENT_BID
8260.0,therm_sat_1_0,MEASUREMENT_REQ
8260.0,sar_sat_2_0,MEASUREMENT_BID
8260.0,vis_sat_1_0,MEASUREMENT_BID
8260.0,therm_sat_7_0,MEASUREMENT_BID
8260.0,therm_sat_1_0,MEASUREMENT_BID
8260.0,sar_sat_5_0,MEASUREMENT_BID
8260.0,sar_sat_3_0,MEASUREMENT_BID
8260.0,vis_sat_3_0,MEASUREMENT_BID
8260.0,sar_sat_0_0,MEASUREMENT_BID
8260.0,vis_sat_7_0,MEASUREMENT_BID
8260.0,vis_sat_4_0,MEASUREMENT_BID
8260.0,sar_sat_7_0,MEASUREMENT_BID
8260.0,therm_sat_2_0,MEASUREMENT_BID
8260.0,vis_sat_5_0,MEASUREMENT_BID
8260.0,vis_sat_2_0,MEASUREMENT_BID
8260.0,vis_sat_0_0,MEASUREMENT_BID
8260.0,sar_sat_4_0,MEASUREMENT_BID
8260.0,therm_sat_4_0,MEASUREMENT_BID
8260.0,therm_sat_5_0,MEASUREMENT_BID
8260.0,vis_sat_6_0,MEASUREMENT_BID
8260.0,sar_sat_6_0,MEASUREMENT_BID
8260.0,sar_sat_1_0,MEASUREMENT_BID
8260.0,therm_sat_6_0,MEASUREMENT_BID
8260.0,therm_sat_3_0,MEASUREMENT_BID
8260.0,therm_sat_0_0,MEASUREMENT_BID
11940.0,vis_sat_7_0,MEASUREMENT_REQ
11940.0,vis_sat_7_0,MEASUREMENT_BID
11940.0,vis_sat_2_0,MEASUREMENT_BID
11940.0,therm_sat_6_0,MEASUREMENT_BID
11940.0,sar_sat_3_0,MEASUREMENT_BID
11940.0,vis_sat_6_0,MEASUREMENT_BID
11940.0,vis_sat_0_0,MEASUREMENT_BID
11940.0,sar_sat_1_0,MEASUREMENT_BID
11940.0,vis_sat_5_0,MEASUREMENT_BID
11940.0,therm_sat_2_0,MEASUREMENT_BID
11940.0,sar_sat_5_0,MEASUREMENT_BID
11940.0,therm_sat_1_0,MEASUREMENT_BID
11940.0,vis_sat_1_0,MEASUREMENT_BID
11940.0,therm_sat_7_0,MEASUREMENT_BID
11940.0,vis_sat_3_0,MEASUREMENT_BID
11940.0,vis_sat_4_0,MEASUREMENT_BID
11940.0,sar_sat_7_0,MEASUREMENT_BID
11940.0,sar_sat_4_0,MEASUREMENT_BID
11940.0,therm_sat_5_0,MEASUREMENT_BID
11940.0,therm_sat_4_0,MEASUREMENT_BID
11940.0,therm_sat_0_0,MEASUREMENT_BID
11940.0,sar_sat_0_0,MEASUREMENT_BID
11940.0,therm_sat_3_0,MEASUREMENT_BID
11940.0,sar_sat_6_0,MEASUREMENT_BID
11940.0,sar_sat_2_0,MEASUREMENT_BID
13810.0,therm_sat_2_0,MEASUREMENT_REQ
13810.0,therm_sat_2_0,MEASUREMENT_BID
13810.0,sar_sat_1_0,MEASUREMENT_BID
13810.0,sar_sat_6_0,MEASUREMENT_BID
13810.0,vis_sat_2_0,MEASUREMENT_BID
13810.0,vis_sat_5_0,MEASUREMENT_BID
13810.0,sar_sat_2_0,MEASUREMENT_BID
13810.0,therm_sat_7_0,MEASUREMENT_BID
13810.0,therm_sat_1_0,MEASUREMENT_BID
13810.0,sar_sat_3_0,MEASUREMENT_BID
13810.0,vis_sat_0_0,MEASUREMENT_BID
13810.0,sar_sat_0_0,MEASUREMENT_BID
13810.0,vis_sat_7_0,MEASUREMENT_BID
13810.0,vis_sat_1_0,MEASUREMENT_BID
13810.0,therm_sat_4_0,MEASUREMENT_BID
13810.0,therm_sat_5_0,MEASUREMENT_BID
13810.0,vis_sat_6_0,MEASUREMENT_BID
13810.0,vis_sat_4_0,MEASUREMENT_BID
13810.0,vis_sat_3_0,MEASUREMENT_BID
13810.0,sar_sat_5_0,MEASUREMENT_BID
13810.0,therm_sat_3_0,MEASUREMENT_BID
13810.0,sar_sat_7_0,MEASUREMENT_BID
13810.0,therm_sat_0_0,MEASUREMENT_BID
13810.0,therm_sat_6_0,MEASUREMENT_BID
13810.0,sar_sat_4_0,MEASUREMENT_BID
14150.0,vis_sat_1_0,MEASUREMENT_REQ
14150.0,vis_sat_1_0,MEASUREMENT_BID
14150.0,vis_sat_0_0,MEASUREMENT_BID
14150.0,therm_sat_2_0,MEASUREMENT_BID
14150.0,sar_sat_7_0,MEASUREMENT_BID
14150.0,sar_sat_5_0,MEASUREMENT_BID
14150.0,sar_sat_6_0,MEASUREMENT_BID
14150.0,therm_sat_5_0,MEASUREMENT_BID
14150.0,vis_sat_7_0,MEASUREMENT_BID
14150.0,sar_sat_3_0,MEASUREMENT_BID
14150.0,sar_sat_1_0,MEASUREMENT_BID
14150.0,vis_sat_3_0,MEASUREMENT_BID
14150.0,vis_sat_6_0,MEASUREMENT_BID
14150.0,sar_sat_2_0,MEASUREMENT_BID
14150.0,therm_sat_1_0,MEASUREMENT_BID
14150.0,sar_sat_4_0,MEASUREMENT_BID
14150.0,sar_sat_0_0,MEASUREMENT_BID
14150.0,therm_sat_0_0,MEASUREMENT_BID
14150.0,therm_sat_4_0,MEASUREMENT_BID
14150.0,vis_sat_5_0,MEASUREMENT_BID
14150.0,therm_sat_7_0,MEASUREMENT_BID
14150.0,vis_sat_2_0,MEASUREMENT_BID
14150.0,therm_sat_3_0,MEASUREMENT_BID
14150.0,vis_sat_4_0,MEASUREMENT_BID
14150.0,therm_sat_6_0,MEASUREMENT_BID
14630.0,therm_sat_6_0,MEASUREMENT_REQ
14630.0,therm_sat_6_0,MEASUREMENT_BID
14630.0,sar_sat_0_0,MEASUREMENT_BID
14630.0,vis_sat_4_0,MEASUREMENT_BID
14630.0,vis_sat_5_0,MEASUREMENT_BID
14630.0,sar_sat_3_0,MEASUREMENT_BID
14630.0,vis_sat_2_0,MEASUREMENT_BID
14630.0,sar_sat_1_0,MEASUREMENT_BID
14630.0,vis_sat_1_0,MEASUREMENT_BID
14630.0,sar_sat_2_0,MEASUREMENT_BID
14630.0,vis_sat_6_0,MEASUREMENT_BID
14630.0,therm_sat_3_0,MEASUREMENT_BID
14630.0,sar_sat_6_0,MEASUREMENT_BID
14630.0,therm_sat_4_0,MEASUREMENT_BID
14630.0,therm_sat_1_0,MEASUREMENT_BID
14630.0,sar_sat_4_0,MEASUREMENT_BID
14630.0,vis_sat_0_0,MEASUREMENT_BID
14630.0,therm_sat_2_0,MEASUREMENT_BID
14630.0,sar_sat_7_0,MEASUREMENT_BID
14630.0,therm_sat_7_0,MEASUREMENT_BID
14630.0,therm_sat_5_0,MEASUREMENT_BID
14630.0,sar_sat_5_0,MEASUREMENT_BID
14630.0,vis_sat_3_0,MEASUREMENT_BID
14630.0,vis_sat_7_0,MEASUREMENT_BID
14630.0,therm_sat_0_0,MEASUREMENT_BID
20610.0,sar_sat_2_0,MEASUREMENT_REQ
20610.0,therm_sat_3_0,MEASUREMENT_BID
20610.0,therm_sat_0_0,MEASUREMENT_BID
20610.0,vis_sat_3_0,MEASUREMENT_BID
20610.0,therm_sat_1_0,MEASUREMENT_BID
20610.0,sar_sat_7_0,MEASUREMENT_BID
20610.0,vis_sat_0_0,MEASUREMENT_BID
20610.0,therm_sat_7_0,MEASUREMENT_BID
20610.0,sar_sat_5_0,MEASUREMENT_BID
20610.0,vis_sat_6_0,MEASUREMENT_BID
20610.0,sar_sat_2_0,MEASUREMENT_BID
20610.0,sar_sat_3_0,MEASUREMENT_BID
20610.0,vis_sat_5_0,MEASUREMENT_BID
20610.0,sar_sat_1_0,MEASUREMENT_BID
20610.0,vis_sat_2_0,MEASUREMENT_BID
20610.0,therm_sat_2_0,MEASUREMENT_BID
20610.0,therm_sat_5_0,MEASUREMENT_BID
20610.0,vis_sat_4_0,MEASUREMENT_BID
20610.0,therm_sat_4_0,MEASUREMENT_BID
20610.0,sar_sat_0_0,MEASUREMENT_BID
20610.0,sar_sat_4_0,MEASUREMENT_BID
20610.0,therm_sat_6_0,MEASUREMENT_BID
20610.0,vis_sat_7_0,MEASUREMENT_BID
20610.0,vis_sat_1_0,MEASUREMENT_BID
20610.0,sar_sat_6_0,MEASUREMENT_BID
21160.0,sar_sat_3_0,MEASUREMENT_REQ
21160.0,sar_sat_3_0,MEASUREMENT_BID
21160.0,therm_sat_7_0,MEASUREMENT_BID
21160.0,sar_sat_0_0,MEASUREMENT_BID
21160.0,therm_sat_6_0,MEASUREMENT_BID
21160.0,therm_sat_3_0,MEASUREMENT_BID
21160.0,vis_sat_5_0,MEASUREMENT_BID
21160.0,sar_sat_6_0,MEASUREMENT_BID
21160.0,sar_sat_4_0,MEASUREMENT_BID
21160.0,therm_sat_4_0,MEASUREMENT_BID
21160.0,sar_sat_1_0,MEASUREMENT_BID
21160.0,vis_sat_1_0,MEASUREMENT_BID
21160.0,vis_sat_4_0,MEASUREMENT_BID
21160.0,vis_sat_7_0,MEASUREMENT_BID
21160.0,sar_sat_2_0,MEASUREMENT_BID
21160.0,sar_sat_7_0,MEASUREMENT_BID
21160.0,sar_sat_5_0,MEASUREMENT_BID
21160.0,therm_sat_0_0,MEASUREMENT_BID
21160.0,vis_sat_3_0,MEASUREMENT_BID
21160.0,therm_sat_2_0,MEASUREMENT_BID
21160.0,vis_sat_6_0,MEASUREMENT_BID
21160.0,vis_sat_0_0,MEASUREMENT_BID
21160.0,vis_sat_2_0,MEASUREMENT_BID
21160.0,therm_sat_5_0,MEASUREMENT_BID
21160.0,therm_sat_1_0,MEASUREMENT_BID
23590.0,sar_sat_6_0,MEASUREMENT_REQ
23590.0,sar_sat_6_0,MEASUREMENT_BID
23590.0,therm_sat_3_0,MEASUREMENT_BID
23590.0,vis_sat_5_0,MEASUREMENT_BID
23590.0,therm_sat_0_0,MEASUREMENT_BID
23590.0,therm_sat_5_0,MEASUREMENT_BID
23590.0,vis_sat_2_0,MEASUREMENT_BID
23590.0,vis_sat_1_0,MEASUREMENT_BID
23590.0,sar_sat_7_0,MEASUREMENT_BID
23590.0,therm_sat_1_0,MEASUREMENT_BID
23590.0,therm_sat_6_0,MEASUREMENT_BID
23590.0,sar_sat_4_0,MEASUREMENT_BID
23590.0,vis_sat_4_0,MEASUREMENT_BID
23590.0,sar_sat_5_0,MEASUREMENT_BID
23590.0,sar_sat_3_0,MEASUREMENT_BID
23590.0,vis_sat_0_0,MEASUREMENT_BID
23590.0,vis_sat_3_0,MEASUREMENT_BID
23590.0,therm_sat_4_0,MEASUREMENT_BID
23590.0,vis_sat_7_0,MEASUREMENT_BID
23590.0,sar_sat_0_0,MEASUREMENT_BID
23590.0,therm_sat_7_0,MEASUREMENT_BID
23590.0,therm_sat_2_0,MEASUREMENT_BID
23590.0,sar_sat_1_0,MEASUREMENT_BID
23590.0,sar_sat_2_0,MEASUREMENT_BID
23590.0,vis_sat_6_0,MEASUREMENT_BID
24600.0,sar_sat_6_0,MEASUREMENT_REQ
24600.0,therm_sat_3_0,MEASUREMENT_BID
24600.0,therm_sat_7_0,MEASUREMENT_BID
24600.0,vis_sat_4_0,MEASUREMENT_BID
24600.0,vis_sat_2_0,MEASUREMENT_BID
24600.0,sar_sat_3_0,MEASUREMENT_BID
24600.0,sar_sat_6_0,MEASUREMENT_BID
24600.0,vis_sat_0_0,MEASUREMENT_BID
24600.0,therm_sat_0_0,MEASUREMENT_BID
24600.0,therm_sat_2_0,MEASUREMENT_BID
24600.0,vis_sat_3_0,MEASUREMENT_BID
24600.0,vis_sat_5_0,MEASUREMENT_BID
24600.0,sar_sat_1_0,MEASUREMENT_BID
24600.0,vis_sat_7_0,MEASUREMENT_BID
24600.0,sar_sat_0_0,MEASUREMENT_BID
24600.0,therm_sat_4_0,MEASUREMENT_BID
24600.0,therm_sat_5_0,MEASUREMENT_BID
24600.0,therm_sat_1_0,MEASUREMENT_BID
24600.0,therm_sat_6_0,MEASUREMENT_BID
24600.0,sar_sat_7_0,MEASUREMENT_BID
24600.0,sar_sat_5_0,MEASUREMENT_BID
24600.0,vis_sat_6_0,MEASUREMENT_BID
24600.0,sar_sat_4_0,MEASUREMENT_BID
24600.0,sar_sat_2_0,MEASUREMENT_BID
24600.0,vis_sat_1_0,MEASUREMENT_BID
25630.0,therm_sat_6_0,MEASUREMENT_REQ
25630.0,therm_sat_6_0,MEASUREMENT_BID
25630.0,therm_sat_2_0,MEASUREMENT_BID
25630.0,therm_sat_0_0,MEASUREMENT_BID
25630.0,sar_sat_6_0,MEASUREMENT_BID
25630.0,sar_sat_1_0,MEASUREMENT_BID
25630.0,sar_sat_3_0,MEASUREMENT_BID
25630.0,therm_sat_3_0,MEASUREMENT_BID
25630.0,sar_sat_0_0,MEASUREMENT_BID
25630.0,vis_sat_1_0,MEASUREMENT_BID
25630.0,vis_sat_3_0,MEASUREMENT_BID
25630.0,therm_sat_5_0,MEASUREMENT_BID
25630.0,vis_sat_6_0,MEASUREMENT_BID
25630.0,sar_sat_7_0,MEASUREMENT_BID
25630.0,sar_sat_5_0,MEASUREMENT_BID
25630.0,vis_sat_5_0,MEASUREMENT_BID
25630.0,therm_sat_4_0,MEASUREMENT_BID
25630.0,vis_sat_4_0,MEASUREMENT_BID
25630.0,vis_sat_0_0,MEASUREMENT_BID
25630.0,vis_sat_2_0,MEASUREMENT_BID
25630.0,sar_sat_2_0,MEASUREMENT_BID
25630.0,vis_sat_7_0,MEASUREMENT_BID
25630.0,sar_sat_4_0,MEASUREMENT_BID
25630.0,therm_sat_7_0,MEASUREMENT_BID
25630.0,therm_sat_1_0,MEASUREMENT_BID
28620.0,therm_sat_1_0,MEASUREMENT_REQ
28620.0,therm_sat_6_0,MEASUREMENT_BID
28620.0,vis_sat_1_0,MEASUREMENT_BID
28620.0,vis_sat_6_0,MEASUREMENT_BID
28620.0,therm_sat_5_0,MEASUREMENT_BID
28620.0,sar_sat_3_0,MEASUREMENT_BID
28620.0,therm_sat_1_0,MEASUREMENT_BID
28620.0,sar_sat_7_0,MEASUREMENT_BID
28620.0,sar_sat_4_0,MEASUREMENT_BID
28620.0,therm_sat_4_0,MEASUREMENT_BID
28620.0,vis_sat_3_0,MEASUREMENT_BID
28620.0,sar_sat_0_0,MEASUREMENT_BID
28620.0,therm_sat_0_0,MEASUREMENT_BID
28620.0,therm_sat_3_0,MEASUREMENT_BID
28620.0,therm_sat_2_0,MEASUREMENT_BID
28620.0,therm_sat_7_0,MEASUREMENT_BID
28620.0,sar_sat_1_0,MEASUREMENT_BID
28620.0,vis_sat_0_0,MEASUREMENT_BID
28620.0,sar_sat_5_0,MEASUREMENT_BID
28620.0,vis_sat_2_0,MEASUREMENT_BID
28620.0,sar_sat_6_0,MEASUREMENT_BID
28620.0,vis_sat_4_0,MEASUREMENT_BID
28620.0,sar_sat_2_0,MEASUREMENT_BID
28620.0,vis_sat_5_0,MEASUREMENT_BID
28620.0,vis_sat_7_0,MEASUREMENT_BID
29970.0,sar_sat_3_0,MEASUREMENT_REQ
29970.0,therm_sat_6_0,MEASUREMENT_BID
29970.0,sar_sat_2_0,MEASUREMENT_BID
29970.0,vis_sat_0_0,MEASUREMENT_BID
29970.0,sar_sat_3_0,MEASUREMENT_BID
29970.0,sar_sat_7_0,MEASUREMENT_BID
29970.0,vis_sat_5_0,MEASUREMENT_BID
29970.0,vis_sat_7_0,MEASUREMENT_BID
29970.0,vis_sat_2_0,MEASUREMENT_BID
29970.0,therm_sat_0_0,MEASUREMENT_BID
29970.0,therm_sat_5_0,MEASUREMENT_BID
29970.0,therm_sat_4_0,MEASUREMENT_BID
29970.0,sar_sat_5_0,MEASUREMENT_BID
29970.0,vis_sat_4_0,MEASUREMENT_BID
29970.0,sar_sat_4_0,MEASUREMENT_BID
29970.0,therm_sat_1_0,MEASUREMENT_BID
29970.0,vis_sat_6_0,MEASUREMENT_BID
29970.0,sar_sat_1_0,MEASUREMENT_BID
29970.0,vis_sat_3_0,MEASUREMENT_BID
29970.0,therm_sat_2_0,MEASUREMENT_BID
29970.0,sar_sat_0_0,MEASUREMENT_BID
29970.0,sar_sat_6_0,MEASUREMENT_BID
29970.0,therm_sat_3_0,MEASUREMENT_BID
29970.0,therm_sat_7_0,MEASUREMENT_BID
29970.0,vis_sat_1_0,MEASUREMENT_BID
30690.0,sar_sat_1_0,MEASUREMENT_REQ
30690.0,therm_sat_3_0,MEASUREMENT_BID
30690.0,vis_sat_5_0,MEASUREMENT_BID
30690.0,vis_sat_2_0,MEASUREMENT_BID
30690.0,sar_sat_3_0,MEASUREMENT_BID
30690.0,sar_sat_1_0,MEASUREMENT_BID
30690.0,therm_sat_6_0,MEASUREMENT_BID
30690.0,sar_sat_0_0,MEASUREMENT_BID
30690.0,sar_sat_2_0,MEASUREMENT_BID
30690.0,vis_sat_0_0,MEASUREMENT_BID
30690.0,vis_sat_1_0,MEASUREMENT_BID
30690.0,vis_sat_7_0,MEASUREMENT_BID
30690.0,therm_sat_1_0,MEASUREMENT_BID
30690.0,therm_sat_5_0,MEASUREMENT_BID
30690.0,therm_sat_0_0,MEASUREMENT_BID
30690.0,vis_sat_4_0,MEASUREMENT_BID
30690.0,therm_sat_2_0,MEASUREMENT_BID
30690.0,therm_sat_4_0,MEASUREMENT_BID
30690.0,vis_sat_3_0,MEASUREMENT_BID
30690.0,sar_sat_4_0,MEASUREMENT_BID
30690.0,sar_sat_5_0,MEASUREMENT_BID
30690.0,therm_sat_7_0,MEASUREMENT_BID
30690.0,sar_sat_6_0,MEASUREMENT_BID
30690.0,sar_sat_7_0,MEASUREMENT_BID
30690.0,vis_sat_6_0,MEASUREMENT_BID
34380.0,sar_sat_1_0,MEASUREMENT_REQ
34380.0,sar_sat_1_0,MEASUREMENT_BID
34380.0,therm_sat_1_0,MEASUREMENT_BID
34380.0,therm_sat_6_0,MEASUREMENT_BID
34380.0,therm_sat_3_0,MEASUREMENT_BID
34380.0,vis_sat_1_0,MEASUREMENT_BID
34380.0,vis_sat_6_0,MEASUREMENT_BID
34380.0,sar_sat_6_0,MEASUREMENT_BID
34380.0,sar_sat_7_0,MEASUREMENT_BID
34380.0,vis_sat_5_0,MEASUREMENT_BID
34380.0,vis_sat_4_0,MEASUREMENT_BID
34380.0,vis_sat_3_0,MEASUREMENT_BID
34380.0,sar_sat_0_0,MEASUREMENT_BID
34380.0,sar_sat_3_0,MEASUREMENT_BID
34380.0,sar_sat_5_0,MEASUREMENT_BID
34380.0,sar_sat_2_0,MEASUREMENT_BID
34380.0,therm_sat_0_0,MEASUREMENT_BID
34380.0,therm_sat_5_0,MEASUREMENT_BID
34380.0,vis_sat_2_0,MEASUREMENT_BID
34380.0,therm_sat_2_0,MEASUREMENT_BID
34380.0,therm_sat_7_0,MEASUREMENT_BID
34380.0,therm_sat_4_0,MEASUREMENT_BID
34380.0,sar_sat_4_0,MEASUREMENT_BID
34380.0,vis_sat_0_0,MEASUREMENT_BID
34380.0,vis_sat_7_0,MEASUREMENT_BID
37830.0,therm_sat_4_0,MEASUREMENT_BID
40970.0,vis_sat_1_0,MEASUREMENT_REQ
40970.0,vis_sat_1_0,MEASUREMENT_BID
40970.0,sar_sat_0_0,MEASUREMENT_BID
40970.0,vis_sat_5_0,MEASUREMENT_BID
40970.0,therm_sat_0_0,MEASUREMENT_BID
40970.0,vis_sat_4_0,MEASUREMENT_BID
40970.0,therm_sat_2_0,MEASUREMENT_BID
40970.0,vis_sat_0_0,MEASUREMENT_BID
40970.0,therm_sat_3_0,MEASUREMENT_BID
40970.0,vis_sat_3_0,MEASUREMENT_BID
40970.0,vis_sat_6_0,MEASUREMENT_BID
40970.0,sar_sat_5_0,MEASUREMENT_BID
40970.0,sar_sat_6_0,MEASUREMENT_BID
40970.0,sar_sat_4_0,MEASUREMENT_BID
40970.0,vis_sat_7_0,MEASUREMENT_BID
40970.0,sar_sat_7_0,MEASUREMENT_BID
40970.0,therm_sat_7_0,MEASUREMENT_BID
40970.0,sar_sat_3_0,MEASUREMENT_BID
40970.0,sar_sat_1_0,MEASUREMENT_BID
40970.0,therm_sat_4_0,MEASUREMENT_BID
40970.0,therm_sat_6_0,MEASUREMENT_BID
40970.0,therm_sat_1_0,MEASUREMENT_BID
40970.0,therm_sat_5_0,MEASUREMENT_BID
40970.0,vis_sat_2_0,MEASUREMENT_BID
40970.0,sar_sat_2_0,MEASUREMENT_BID
42910.0,vis_sat_5_0,MEASUREMENT_REQ
42910.0,vis_sat_0_0,MEASUREMENT_BID
42910.0,therm_sat_7_0,MEASUREMENT_BID
42910.0,vis_sat_5_0,MEASUREMENT_BID
42910.0,therm_sat_0_0,MEASUREMENT_BID
42910.0,sar_sat_2_0,MEASUREMENT_BID
42910.0,therm_sat_4_0,MEASUREMENT_BID
42910.0,sar_sat_3_0,MEASUREMENT_BID
42910.0,vis_sat_6_0,MEASUREMENT_BID
42910.0,sar_sat_0_0,MEASUREMENT_BID
42910.0,sar_sat_6_0,MEASUREMENT_BID
42910.0,vis_sat_1_0,MEASUREMENT_BID
42910.0,therm_sat_1_0,MEASUREMENT_BID
42910.0,therm_sat_5_0,MEASUREMENT_BID
42910.0,vis_sat_7_0,MEASUREMENT_BID
42910.0,therm_sat_3_0,MEASUREMENT_BID
42910.0,vis_sat_2_0,MEASUREMENT_BID
42910.0,vis_sat_4_0,MEASUREMENT_BID
42910.0,sar_sat_4_0,MEASUREMENT_BID
42910.0,sar_sat_1_0,MEASUREMENT_BID
42910.0,vis_sat_3_0,MEASUREMENT_BID
42910.0,therm_sat_6_0,MEASUREMENT_BID
42910.0,sar_sat_5_0,MEASUREMENT_BID
42910.0,sar_sat_7_0,MEASUREMENT_BID
42910.0,therm_sat_2_0,MEASUREMENT_BID
44660.0,vis_sat_1_0,MEASUREMENT_REQ
44660.0,vis_sat_1_0,MEASUREMENT_BID
44660.0,vis_sat_3_0,MEASUREMENT_BID
44660.0,vis_sat_0_0,MEASUREMENT_BID
44660.0,vis_sat_7_0,MEASUREMENT_BID
44660.0,sar_sat_3_0,MEASUREMENT_BID
44660.0,vis_sat_5_0,MEASUREMENT_BID
44660.0,therm_sat_1_0,MEASUREMENT_BID
44660.0,sar_sat_5_0,MEASUREMENT_BID
44660.0,vis_sat_2_0,MEASUREMENT_BID
44660.0,therm_sat_4_0,MEASUREMENT_BID
44660.0,therm_sat_3_0,MEASUREMENT_BID
44660.0,sar_sat_0_0,MEASUREMENT_BID
44660.0,therm_sat_5_0,MEASUREMENT_BID
44660.0,therm_sat_2_0,MEASUREMENT_BID
44660.0,vis_sat_4_0,MEASUREMENT_BID
44660.0,therm_sat_7_0,MEASUREMENT_BID
44660.0,sar_sat_2_0,MEASUREMENT_BID
44660.0,sar_sat_6_0,MEASUREMENT_BID
44660.0,vis_sat_6_0,MEASUREMENT_BID
44660.0,sar_sat_7_0,MEASUREMENT_BID
44660.0,therm_sat_0_0,MEASUREMENT_BID
44660.0,sar_sat_1_0,MEASUREMENT_BID
44660.0,sar_sat_4_0,MEASUREMENT_BID
44660.0,therm_sat_6_0,MEASUREMENT_BID
45420.0,vis_sat_6_0,MEASUREMENT_REQ
45420.0,vis_sat_6_0,MEASUREMENT_BID
45420.0,sar_sat_2_0,MEASUREMENT_BID
45420.0,vis_sat_1_0,MEASUREMENT_BID
45420.0,sar_sat_5_0,MEASUREMENT_BID
45420.0,sar_sat_4_0,MEASUREMENT_BID
45420.0,sar_sat_1_0,MEASUREMENT_BID
45420.0,therm_sat_7_0,MEASUREMENT_BID
45420.0,therm_sat_3_0,MEASUREMENT_BID
45420.0,sar_sat_0_0,MEASUREMENT_BID
45420.0,therm_sat_5_0,MEASUREMENT_BID
45420.0,vis_sat_5_0,MEASUREMENT_BID
45420.0,therm_sat_4_0,MEASUREMENT_BID
45420.0,vis_sat_2_0,MEASUREMENT_BID
45420.0,vis_sat_0_0,MEASUREMENT_BID
45420.0,sar_sat_7_0,MEASUREMENT_BID
45420.0,sar_sat_6_0,MEASUREMENT_BID
45420.0,vis_sat_4_0,MEASUREMENT_BID
45420.0,therm_sat_2_0,MEASUREMENT_BID
45420.0,vis_sat_7_0,MEASUREMENT_BID
45420.0,therm_sat_1_0,MEASUREMENT_BID
45420.0,vis_sat_3_0,MEASUREMENT_BID
45420.0,therm_sat_6_0,MEASUREMENT_BID
45420.0,sar_sat_3_0,MEASUREMENT_BID
45420.0,therm_sat_0_0,MEASUREMENT_BID
46410.0,vis_sat_0_0,MEASUREMENT_REQ
46410.0,vis_sat_0_0,MEASUREMENT_BID
46410.0,sar_sat_1_0,MEASUREMENT_BID
46410.0,vis_sat_1_0,MEASUREMENT_BID
46410.0,vis_sat_5_0,MEASUREMENT_BID
46410.0,sar_sat_4_0,MEASUREMENT_BID
46410.0,therm_sat_3_0,MEASUREMENT_BID
46410.0,vis_sat_7_0,MEASUREMENT_BID
46410.0,sar_sat_3_0,MEASUREMENT_BID
46410.0,therm_sat_0_0,MEASUREMENT_BID
46410.0,sar_sat_2_0,MEASUREMENT_BID
46410.0,sar_sat_5_0,MEASUREMENT_BID
46410.0,therm_sat_6_0,MEASUREMENT_BID
46410.0,therm_sat_5_0,MEASUREMENT_BID
46410.0,vis_sat_6_0,MEASUREMENT_BID
46410.0,therm_sat_7_0,MEASUREMENT_BID
46410.0,vis_sat_4_0,MEASUREMENT_BID
46410.0,vis_sat_2_0,MEASUREMENT_BID
46410.0,vis_sat_3_0,MEASUREMENT_BID
46410.0,sar_sat_6_0,MEASUREMENT_BID
46410.0,sar_sat_7_0,MEASUREMENT_BID
46410.0,therm_sat_1_0,MEASUREMENT_BID
46410.0,sar_sat_0_0,MEASUREMENT_BID
46410.0,therm_sat_2_0,MEASUREMENT_BID
46410.0,therm_sat_4_0,MEASUREMENT_BID
48540.0,vis_sat_6_0,MEASUREMENT_REQ
48540.0,therm_sat_6_0,MEASUREMENT_BID
48540.0,vis_sat_7_0,MEASUREMENT_BID
48540.0,sar_sat_2_0,MEASUREMENT_BID
48540.0,sar_sat_1_0,MEASUREMENT_BID
48540.0,therm_sat_7_0,MEASUREMENT_BID
48540.0,vis_sat_6_0,MEASUREMENT_BID
48540.0,sar_sat_5_0,MEASUREMENT_BID
48540.0,therm_sat_0_0,MEASUREMENT_BID
48540.0,sar_sat_3_0,MEASUREMENT_BID
48540.0,sar_sat_6_0,MEASUREMENT_BID
48540.0,therm_sat_3_0,MEASUREMENT_BID
48540.0,sar_sat_7_0,MEASUREMENT_BID
48540.0,vis_sat_1_0,MEASUREMENT_BID
48540.0,therm_sat_5_0,MEASUREMENT_BID
48540.0,sar_sat_4_0,MEASUREMENT_BID
48540.0,vis_sat_0_0,MEASUREMENT_BID
48540.0,vis_sat_2_0,MEASUREMENT_BID
48540.0,vis_sat_5_0,MEASUREMENT_BID
48540.0,therm_sat_1_0,MEASUREMENT_BID
48540.0,therm_sat_2_0,MEASUREMENT_BID
48540.0,vis_sat_3_0,MEASUREMENT_BID
48540.0,vis_sat_4_0,MEASUREMENT_BID
48540.0,therm_sat_4_0,MEASUREMENT_BID
48540.0,sar_sat_0_0,MEASUREMENT_BID
49670.0,therm_sat_7_0,MEASUREMENT_REQ
49670.0,therm_sat_7_0,MEASUREMENT_BID
49670.0,vis_sat_7_0,MEASUREMENT_BID
49670.0,sar_sat_1_0,MEASUREMENT_BID
49670.0,vis_sat_5_0,MEASUREMENT_BID
49670.0,sar_sat_7_0,MEASUREMENT_BID
49670.0,therm_sat_5_0,MEASUREMENT_BID
49670.0,sar_sat_5_0,MEASUREMENT_BID
49670.0,vis_sat_6_0,MEASUREMENT_BID
49670.0,sar_sat_4_0,MEASUREMENT_BID
49670.0,sar_sat_2_0,MEASUREMENT_BID
49670.0,vis_sat_4_0,MEASUREMENT_BID
49670.0,sar_sat_0_0,MEASUREMENT_BID
49670.0,therm_sat_3_0,MEASUREMENT_BID
49670.0,vis_sat_2_0,MEASUREMENT_BID
49670.0,therm_sat_6_0,MEASUREMENT_BID
49670.0,vis_sat_1_0,MEASUREMENT_BID
49670.0,therm_sat_1_0,MEASUREMENT_BID
49670.0,sar_sat_3_0,MEASUREMENT_BID
49670.0,vis_sat_0_0,MEASUREMENT_BID
49670.0,therm_sat_2_0,MEASUREMENT_BID
49670.0,sar_sat_6_0,MEASUREMENT_BID
49670.0,vis_sat_3_0,MEASUREMENT_BID
49670.0,therm_sat_0_0,MEASUREMENT_BID
49670.0,therm_sat_4_0,MEASUREMENT_BID
54000.0,therm_sat_1_0,MEASUREMENT_REQ
54000.0,therm_sat_1_0,MEASUREMENT_BID
54000.0,vis_sat_1_0,MEASUREMENT_BID
54000.0,vis_sat_3_0,MEASUREMENT_BID
54000.0,vis_sat_5_0,MEASUREMENT_BID
54000.0,therm_sat_0_0,MEASUREMENT_BID
54000.0,sar_sat_7_0,MEASUREMENT_BID
54000.0,sar_sat_4_0,MEASUREMENT_BID
54000.0,vis_sat_6_0,MEASUREMENT_BID
54000.0,sar_sat_5_0,MEASUREMENT_BID
54000.0,vis_sat_0_0,MEASUREMENT_BID
54000.0,therm_sat_3_0,MEASUREMENT_BID
54000.0,therm_sat_7_0,MEASUREMENT_BID
54000.0,therm_sat_4_0,MEASUREMENT_BID
54000.0,therm_sat_5_0,MEASUREMENT_BID
54000.0,sar_sat_2_0,MEASUREMENT_BID
54000.0,vis_sat_4_0,MEASUREMENT_BID
54000.0,sar_sat_1_0,MEASUREMENT_BID
54000.0,therm_sat_2_0,MEASUREMENT_BID
54000.0,vis_sat_2_0,MEASUREMENT_BID
54000.0,sar_sat_3_0,MEASUREMENT_BID
54000.0,sar_sat_0_0,MEASUREMENT_BID
54000.0,vis_sat_7_0,MEASUREMENT_BID
54000.0,sar_sat_6_0,MEASUREMENT_BID
54000.0,therm_sat_6_0,MEASUREMENT_BID
54190.0,sar_sat_6_0,MEASUREMENT_REQ
54190.0,sar_sat_6_0,MEASUREMENT_BID
54190.0,sar_sat_3_0,MEASUREMENT_BID
54190.0,vis_sat_1_0,MEASUREMENT_BID
54190.0,vis_sat_0_0,MEASUREMENT_BID
54190.0,vis_sat_4_0,MEASUREMENT_BID
54190.0,therm_sat_0_0,MEASUREMENT_BID
54190.0,sar_sat_7_0,MEASUREMENT_BID
54190.0,therm_sat_5_0,MEASUREMENT_BID
54190.0,therm_sat_6_0,MEASUREMENT_BID
54190.0,vis_sat_3_0,MEASUREMENT_BID
54190.0,therm_sat_7_0,MEASUREMENT_BID
54190.0,therm_sat_2_0,MEASUREMENT_BID
54190.0,sar_sat_4_0,MEASUREMENT_BID
54190.0,sar_sat_1_0,MEASUREMENT_BID
54190.0,vis_sat_7_0,MEASUREMENT_BID
54190.0,vis_sat_6_0,MEASUREMENT_BID
54190.0,sar_sat_0_0,MEASUREMENT_BID
54190.0,vis_sat_5_0,MEASUREMENT_BID
54190.0,therm_sat_4_0,MEASUREMENT_BID
54190.0,sar_sat_2_0,MEASUREMENT_BID
54190.0,sar_sat_5_0,MEASUREMENT_BID
54190.0,vis_sat_2_0,MEASUREMENT_BID
54190.0,therm_sat_3_0,MEASUREMENT_BID
54190.0,therm_sat_1_0,MEASUREMENT_BID
55800.0,vis_sat_0_0,MEASUREMENT_REQ
55800.0,vis_sat_0_0,MEASUREMENT_BID
55800.0,vis_sat_5_0,MEASUREMENT_BID
55800.0,vis_sat_3_0,MEASUREMENT_BID
55800.0,vis_sat_7_0,MEASUREMENT_BID
55800.0,therm_sat_0_0,MEASUREMENT_BID
55800.0,therm_sat_6_0,MEASUREMENT_BID
55800.0,vis_sat_6_0,MEASUREMENT_BID
55800.0,vis_sat_2_0,MEASUREMENT_BID
55800.0,therm_sat_1_0,MEASUREMENT_BID
55800.0,sar_sat_0_0,MEASUREMENT_BID
55800.0,sar_sat_6_0,MEASUREMENT_BID
55800.0,therm_sat_3_0,MEASUREMENT_BID
55800.0,therm_sat_2_0,MEASUREMENT_BID
55800.0,sar_sat_7_0,MEASUREMENT_BID
55800.0,sar_sat_2_0,MEASUREMENT_BID
55800.0,vis_sat_4_0,MEASUREMENT_BID
55800.0,therm_sat_7_0,MEASUREMENT_BID
55800.0,sar_sat_4_0,MEASUREMENT_BID
55800.0,therm_sat_4_0,MEASUREMENT_BID
55800.0,therm_sat_5_0,MEASUREMENT_BID
55800.0,sar_sat_1_0,MEASUREMENT_BID
55800.0,sar_sat_3_0,MEASUREMENT_BID
55800.0,vis_sat_1_0,MEASUREMENT_BID
55800.0,sar_sat_5_0,MEASUREMENT_BID
58280.0,vis_sat_1_0,MEASUREMENT_REQ
58280.0,vis_sat_1_0,MEASUREMENT_BID
58280.0,sar_sat_7_0,MEASUREMENT_BID
58280.0,vis_sat_6_0,MEASUREMENT_BID
58280.0,vis_sat_5_0,MEASUREMENT_BID
58280.0,vis_sat_4_0,MEASUREMENT_BID
58280.0,therm_sat_5_0,MEASUREMENT_BID
58280.0,sar_sat_1_0,MEASUREMENT_BID
58280.0,therm_sat_6_0,MEASUREMENT_BID
58280.0,sar_sat_6_0,MEASUREMENT_BID
58280.0,sar_sat_2_0,MEASUREMENT_BID
58280.0,sar_sat_5_0,MEASUREMENT_BID
58280.0,vis_sat_0_0,MEASUREMENT_BID
58280.0,vis_sat_2_0,MEASUREMENT_BID
58280.0,therm_sat_2_0,MEASUREMENT_BID
58280.0,therm_sat_1_0,MEASUREMENT_BID
58280.0,sar_sat_3_0,MEASUREMENT_BID
58280.0,therm_sat_4_0,MEASUREMENT_BID
58280.0,vis_sat_3_0,MEASUREMENT_BID
58280.0,therm_sat_7_0,MEASUREMENT_BID
58280.0,vis_sat_7_0,MEASUREMENT_BID
58280.0,therm_sat_3_0,MEASUREMENT_BID
58280.0,sar_sat_0_0,MEASUREMENT_BID
58280.0,therm_sat_0_0,MEASUREMENT_BID
58280.0,sar_sat_4_0,MEASUREMENT_BID
58320.0,vis_sat_2_0,MEASUREMENT_REQ
58320.0,vis_sat_2_0,MEASUREMENT_BID
58320.0,sar_sat_4_0,MEASUREMENT_BID
58320.0,therm_sat_2_0,MEASUREMENT_BID
58320.0,sar_sat_0_0,MEASUREMENT_BID
58320.0,sar_sat_5_0,MEASUREMENT_BID
58320.0,sar_sat_7_0,MEASUREMENT_BID
58320.0,vis_sat_0_0,MEASUREMENT_BID
58320.0,sar_sat_6_0,MEASUREMENT_BID
58320.0,therm_sat_6_0,MEASUREMENT_BID
58320.0,sar_sat_3_0,MEASUREMENT_BID
58320.0,sar_sat_2_0,MEASUREMENT_BID
58320.0,vis_sat_3_0,MEASUREMENT_BID
58320.0,vis_sat_4_0,MEASUREMENT_BID
58320.0,therm_sat_1_0,MEASUREMENT_BID
58320.0,therm_sat_4_0,MEASUREMENT_BID
58320.0,therm_sat_3_0,MEASUREMENT_BID
58320.0,therm_sat_7_0,MEASUREMENT_BID
58320.0,vis_sat_1_0,MEASUREMENT_BID
58320.0,vis_sat_7_0,MEASUREMENT_BID
58320.0,therm_sat_5_0,MEASUREMENT_BID
58320.0,sar_sat_1_0,MEASUREMENT_BID
58320.0,therm_sat_0_0,MEASUREMENT_BID
58320.0,vis_sat_5_0,MEASUREMENT_BID
58320.0,vis_sat_6_0,MEASUREMENT_BID
61470.0,therm_sat_4_0,MEASUREMENT_REQ
61470.0,sar_sat_7_0,MEASUREMENT_BID
61470.0,vis_sat_3_0,MEASUREMENT_BID
61470.0,vis_sat_7_0,MEASUREMENT_BID
61470.0,vis_sat_1_0,MEASUREMENT_BID
61470.0,therm_sat_6_0,MEASUREMENT_BID
61470.0,vis_sat_4_0,MEASUREMENT_BID
61470.0,therm_sat_4_0,MEASUREMENT_BID
61470.0,vis_sat_5_0,MEASUREMENT_BID
61470.0,sar_sat_1_0,MEASUREMENT_BID
61470.0,vis_sat_0_0,MEASUREMENT_BID
61470.0,therm_sat_3_0,MEASUREMENT_BID
61470.0,sar_sat_3_0,MEASUREMENT_BID
61470.0,sar_sat_2_0,MEASUREMENT_BID
61470.0,therm_sat_1_0,MEASUREMENT_BID
61470.0,sar_sat_6_0,MEASUREMENT_BID
61470.0,vis_sat_6_0,MEASUREMENT_BID
61470.0,vis_sat_2_0,MEASUREMENT_BID
61470.0,sar_sat_5_0,MEASUREMENT_BID
61470.0,therm_sat_2_0,MEASUREMENT_BID
61470.0,therm_sat_5_0,MEASUREMENT_BID
61470.0,sar_sat_4_0,MEASUREMENT_BID
61470.0,therm_sat_7_0,MEASUREMENT_BID
61470.0,sar_sat_0_0,MEASUREMENT_BID
61470.0,therm_sat_0_0,MEASUREMENT_BID
61540.0,therm_sat_4_0,MEASUREMENT_REQ
61540.0,therm_sat_6_0,MEASUREMENT_BID
61540.0,sar_sat_2_0,MEASUREMENT_BID
61540.0,therm_sat_1_0,MEASUREMENT_BID
61540.0,therm_sat_5_0,MEASUREMENT_BID
61540.0,vis_sat_7_0,MEASUREMENT_BID
61540.0,sar_sat_6_0,MEASUREMENT_BID
61540.0,therm_sat_2_0,MEASUREMENT_BID
61540.0,sar_sat_4_0,MEASUREMENT_BID
61540.0,therm_sat_4_0,MEASUREMENT_BID
61540.0,vis_sat_1_0,MEASUREMENT_BID
61540.0,therm_sat_0_0,MEASUREMENT_BID
61540.0,sar_sat_5_0,MEASUREMENT_BID
61540.0,sar_sat_1_0,MEASUREMENT_BID
61540.0,vis_sat_2_0,MEASUREMENT_BID
61540.0,vis_sat_0_0,MEASUREMENT_BID
61540.0,sar_sat_7_0,MEASUREMENT_BID
61540.0,therm_sat_7_0,MEASUREMENT_BID
61540.0,therm_sat_3_0,MEASUREMENT_BID
61540.0,sar_sat_3_0,MEASUREMENT_BID
61540.0,vis_sat_6_0,MEASUREMENT_BID
61540.0,vis_sat_3_0,MEASUREMENT_BID
61540.0,vis_sat_5_0,MEASUREMENT_BID
61540.0,sar_sat_0_0,MEASUREMENT_BID
61540.0,vis_sat_4_0,MEASUREMENT_BID
68700.0,sar_sat_7_0,MEASUREMENT_BID
68760.0,vis_sat_7_0,MEASUREMENT_REQ
68760.0,vis_sat_7_0,MEASUREMENT_BID
68760.0,vis_sat_3_0,MEASUREMENT_BID
68760.0,vis_sat_4_0,MEASUREMENT_BID
68760.0,sar_sat_0_0,MEASUREMENT_BID
68760.0,therm_sat_6_0,MEASUREMENT_BID
68760.0,vis_sat_0_0,MEASUREMENT_BID
68760.0,vis_sat_5_0,MEASUREMENT_BID
68760.0,therm_sat_1_0,MEASUREMENT_BID
68760.0,sar_sat_1_0,MEASUREMENT_BID
68760.0,sar_sat_7_0,MEASUREMENT_BID
68760.0,vis_sat_2_0,MEASUREMENT_BID
68760.0,sar_sat_5_0,MEASUREMENT_BID
68760.0,therm_sat_4_0,MEASUREMENT_BID
68760.0,sar_sat_2_0,MEASUREMENT_BID
68760.0,therm_sat_7_0,MEASUREMENT_BID
68760.0,therm_sat_0_0,MEASUREMENT_BID
68760.0,therm_sat_3_0,MEASUREMENT_BID
68760.0,vis_sat_6_0,MEASUREMENT_BID
68760.0,therm_sat_2_0,MEASUREMENT_BID
68760.0,therm_sat_5_0,MEASUREMENT_BID
68760.0,sar_sat_6_0,MEASUREMENT_BID
68760.0,sar_sat_4_0,MEASUREMENT_BID
68760.0,sar_sat_3_0,MEASUREMENT_BID
68760.0,vis_sat_1_0,MEASUREMENT_BID
68970.0,sar_sat_6_0,MEASUREMENT_REQ
68970.0,sar_sat_0_0,MEASUREMENT_BID
68970.0,sar_sat_5_0,MEASUREMENT_BID
68970.0,therm_sat_3_0,MEASUREMENT_BID
68970.0,therm_sat_6_0,MEASUREMENT_BID
68970.0,sar_sat_6_0,MEASUREMENT_BID
68970.0,therm_sat_7_0,MEASUREMENT_BID
68970.0,vis_sat_6_0,MEASUREMENT_BID
68970.0,sar_sat_1_0,MEASUREMENT_BID
68970.0,vis_sat_5_0,MEASUREMENT_BID
68970.0,therm_sat_2_0,MEASUREMENT_BID
68970.0,vis_sat_2_0,MEASUREMENT_BID
68970.0,sar_sat_2_0,MEASUREMENT_BID
68970.0,sar_sat_4_0,MEASUREMENT_BID
68970.0,vis_sat_1_0,MEASUREMENT_BID
68970.0,sar_sat_7_0,MEASUREMENT_BID
68970.0,vis_sat_0_0,MEASUREMENT_BID
68970.0,vis_sat_4_0,MEASUREMENT_BID
68970.0,vis_sat_3_0,MEASUREMENT_BID
68970.0,therm_sat_5_0,MEASUREMENT_BID
68970.0,therm_sat_1_0,MEASUREMENT_BID
68970.0,therm_sat_0_0,MEASUREMENT_BID
68970.0,vis_sat_7_0,MEASUREMENT_BID
68970.0,therm_sat_4_0,MEASUREMENT_BID
68970.0,sar_sat_3_0,MEASUREMENT_BID
69370.0,vis_sat_1_0,MEASUREMENT_REQ
69370.0,vis_sat_1_0,MEASUREMENT_BID
69370.0,therm_sat_4_0,MEASUREMENT_BID
69370.0,sar_sat_3_0,MEASUREMENT_BID
69370.0,vis_sat_5_0,MEASUREMENT_BID
69370.0,vis_sat_0_0,MEASUREMENT_BID
69370.0,sar_sat_4_0,MEASUREMENT_BID
69370.0,therm_sat_6_0,MEASUREMENT_BID
69370.0,vis_sat_7_0,MEASUREMENT_BID
69370.0,sar_sat_0_0,MEASUREMENT_BID
69370.0,therm_sat_7_0,MEASUREMENT_BID
69370.0,therm_sat_5_0,MEASUREMENT_BID
69370.0,vis_sat_2_0,MEASUREMENT_BID
69370.0,vis_sat_4_0,MEASUREMENT_BID
69370.0,vis_sat_3_0,MEASUREMENT_BID
69370.0,therm_sat_0_0,MEASUREMENT_BID
69370.0,sar_sat_1_0,MEASUREMENT_BID
69370.0,therm_sat_1_0,MEASUREMENT_BID
69370.0,therm_sat_2_0,MEASUREMENT_BID
69370.0,sar_sat_7_0,MEASUREMENT_BID
69370.0,therm_sat_3_0,MEASUREMENT_BID
69370.0,sar_sat_2_0,MEASUREMENT_BID
69370.0,vis_sat_6_0,MEASUREMENT_BID
69370.0,sar_sat_5_0,MEASUREMENT_BID
69370.0,sar_sat_6_0,MEASUREMENT_BID
69400.0,therm_sat_7_0,MEASUREMENT_REQ
69400.0,therm_sat_7_0,MEASUREMENT_BID
69400.0,therm_sat_3_0,MEASUREMENT_BID
69400.0,vis_sat_4_0,MEASUREMENT_BID
69400.0,sar_sat_4_0,MEASUREMENT_BID
69400.0,vis_sat_3_0,MEASUREMENT_BID
69400.0,sar_sat_7_0,MEASUREMENT_BID
69400.0,therm_sat_5_0,MEASUREMENT_BID
69400.0,sar_sat_3_0,MEASUREMENT_BID
69400.0,vis_sat_2_0,MEASUREMENT_BID
69400.0,sar_sat_1_0,MEASUREMENT_BID
69400.0,vis_sat_7_0,MEASUREMENT_BID
69400.0,therm_sat_6_0,MEASUREMENT_BID
69400.0,sar_sat_2_0,MEASUREMENT_BID
69400.0,therm_sat_4_0,MEASUREMENT_BID
69400.0,vis_sat_0_0,MEASUREMENT_BID
69400.0,vis_sat_1_0,MEASUREMENT_BID
69400.0,vis_sat_6_0,MEASUREMENT_BID
69400.0,sar_sat_5_0,MEASUREMENT_BID
69400.0,therm_sat_0_0,MEASUREMENT_BID
69400.0,sar_sat_6_0,MEASUREMENT_BID
69400.0,therm_sat_1_0,MEASUREMENT_BID
69400.0,sar_sat_0_0,MEASUREMENT_BID
69400.0,therm_sat_2_0,MEASUREMENT_BID
69400.0,vis_sat_5_0,MEASUREMENT_BID
71240.0,therm_sat_4_0,MEASUREMENT_BID
73700.0,sar_sat_5_0,MEASUREMENT_REQ
73700.0,sar_sat_5_0,MEASUREMENT_BID
73700.0,sar_sat_0_0,MEASUREMENT_BID
73700.0,sar_sat_7_0,MEASUREMENT_BID
73700.0,therm_sat_3_0,MEASUREMENT_BID
73700.0,vis_sat_3_0,MEASUREMENT_BID
73700.0,therm_sat_2_0,MEASUREMENT_BID
73700.0,sar_sat_2_0,MEASUREMENT_BID
73700.0,vis_sat_2_0,MEASUREMENT_BID
73700.0,therm_sat_6_0,MEASUREMENT_BID
73700.0,sar_sat_4_0,MEASUREMENT_BID
73700.0,therm_sat_1_0,MEASUREMENT_BID
73700.0,vis_sat_7_0,MEASUREMENT_BID
73700.0,vis_sat_4_0,MEASUREMENT_BID
73700.0,vis_sat_6_0,MEASUREMENT_BID
73700.0,vis_sat_1_0,MEASUREMENT_BID
73700.0,sar_sat_1_0,MEASUREMENT_BID
73700.0,therm_sat_7_0,MEASUREMENT_BID
73700.0,therm_sat_5_0,MEASUREMENT_BID
73700.0,vis_sat_0_0,MEASUREMENT_BID
73700.0,vis_sat_5_0,MEASUREMENT_BID
73700.0,therm_sat_4_0,MEASUREMENT_BID
73700.0,therm_sat_0_0,MEASUREMENT_BID
73700.0,sar_sat_3_0,MEASUREMENT_BID
73700.0,sar_sat_6_0,MEASUREMENT_BID
73840.0,therm_sat_6_0,MEASUREMENT_REQ
73840.0,therm_sat_6_0,MEASUREMENT_BID
73840.0,sar_sat_6_0,MEASUREMENT_BID
73840.0,sar_sat_1_0,MEASUREMENT_BID
73840.0,sar_sat_2_0,MEASUREMENT_BID
73840.0,therm_sat_6_0,MEASUREMENT_BID
73840.0,vis_sat_2_0,MEASUREMENT_BID
73840.0,therm_sat_4_0,MEASUREMENT_BID
73840.0,therm_sat_0_0,MEASUREMENT_BID
73840.0,therm_sat_5_0,MEASUREMENT_BID
73840.0,vis_sat_4_0,MEASUREMENT_BID
73840.0,vis_sat_0_0,MEASUREMENT_BID
73840.0,vis_sat_3_0,MEASUREMENT_BID
73840.0,sar_sat_3_0,MEASUREMENT_BID
73840.0,vis_sat_6_0,MEASUREMENT_BID
73840.0,therm_sat_2_0,MEASUREMENT_BID
73840.0,sar_sat_5_0,MEASUREMENT_BID
73840.0,sar_sat_7_0,MEASUREMENT_BID
73840.0,therm_sat_3_0,MEASUREMENT_BID
73840.0,sar_sat_4_0,MEASUREMENT_BID
73840.0,therm_sat_1_0,MEASUREMENT_BID
73840.0,vis_sat_5_0,MEASUREMENT_BID
73840.0,therm_sat_7_0,MEASUREMENT_BID
73840.0,sar_sat_0_0,MEASUREMENT_BID
73840.0,vis_sat_7_0,MEASUREMENT_BID
73840.0,vis_sat_1_0,MEASUREMENT_BID
76200.0,vis_sat_0_0,MEASUREMENT_REQ
76200.0,sar_sat_5_0,MEASUREMENT_BID
76200.0,vis_sat_1_0,MEASUREMENT_BID
76200.0,sar_sat_7_0,MEASUREMENT_BID
76200.0,vis_sat_0_0,MEASUREMENT_BID
76200.0,vis_sat_0_0,MEASUREMENT_BID
76200.0,therm_sat_5_0,MEASUREMENT_BID
76200.0,vis_sat_7_0,MEASUREMENT_BID
76200.0,vis_sat_2_0,MEASUREMENT_BID
76200.0,sar_sat_6_0,MEASUREMENT_BID
76200.0,therm_sat_0_0,MEASUREMENT_BID
76200.0,therm_sat_7_0,MEASUREMENT_BID
76200.0,sar_sat_0_0,MEASUREMENT_BID
76200.0,therm_sat_3_0,MEASUREMENT_BID
76200.0,vis_sat_3_0,MEASUREMENT_BID
76200.0,therm_sat_6_0,MEASUREMENT_BID
76200.0,sar_sat_3_0,MEASUREMENT_BID
76200.0,therm_sat_1_0,MEASUREMENT_BID
76200.0,therm_sat_4_0,MEASUREMENT_BID
76200.0,vis_sat_6_0,MEASUREMENT_BID
76200.0,sar_sat_4_0,MEASUREMENT_BID
76200.0,sar_sat_1_0,MEASUREMENT_BID
76200.0,therm_sat_2_0,MEASUREMENT_BID
76200.0,sar_sat_2_0,MEASUREMENT_BID
76200.0,vis_sat_5_0,MEASUREMENT_BID
76200.0,vis_sat_4_0,MEASUREMENT_BID
78580.0,vis_sat_0_0,MEASUREMENT_REQ
78580.0,vis_sat_0_0,MEASUREMENT_BID
78580.0,therm_sat_4_0,MEASUREMENT_BID
78580.0,sar_sat_5_0,MEASUREMENT_BID
78580.0,sar_sat_3_0,MEASUREMENT_BID
78580.0,vis_sat_4_0,MEASUREMENT_BID
78580.0,sar_sat_0_0,MEASUREMENT_BID
78580.0,vis_sat_7_0,MEASUREMENT_BID
78580.0,vis_sat_3_0,MEASUREMENT_BID
78580.0,sar_sat_7_0,MEASUREMENT_BID
78580.0,sar_sat_4_0,MEASUREMENT_BID
78580.0,vis_sat_1_0,MEASUREMENT_BID
78580.0,sar_sat_6_0,MEASUREMENT_BID
78580.0,sar_sat_2_0,MEASUREMENT_BID
78580.0,therm_sat_3_0,MEASUREMENT_BID
78580.0,vis_sat_5_0,MEASUREMENT_BID
78580.0,therm_sat_2_0,MEASUREMENT_BID
78580.0,vis_sat_2_0,MEASUREMENT_BID
78580.0,therm_sat_6_0,MEASUREMENT_BID
78580.0,vis_sat_6_0,MEASUREMENT_BID
78580.0,sar_sat_1_0,MEASUREMENT_BID
78580.0,therm_sat_7_0,MEASUREMENT_BID
78580.0,therm_sat_0_0,MEASUREMENT_BID
78580.0,therm_sat_1_0,MEASUREMENT_BID
78580.0,therm_sat_5_0,MEASUREMENT_BID
82320.0,vis_sat_5_0,MEASUREMENT_REQ
82320.0,vis_sat_5_0,MEASUREMENT_BID
82320.0,vis_sat_0_0,MEASUREMENT_BID
82320.0,vis_sat_4_0,MEASUREMENT_BID
82320.0,vis_sat_6_0,MEASUREMENT_BID
82320.0,vis_sat_1_0,MEASUREMENT_BID
82320.0,sar_sat_7_0,MEASUREMENT_BID
82320.0,therm_sat_3_0,MEASUREMENT_BID
82320.0,sar_sat_6_0,MEASUREMENT_BID
82320.0,therm_sat_6_0,MEASUREMENT_BID
82320.0,sar_sat_0_0,MEASUREMENT_BID
82320.0,sar_sat_4_0,MEASUREMENT_BID
82320.0,therm_sat_7_0,MEASUREMENT_BID
82320.0,sar_sat_2_0,MEASUREMENT_BID
82320.0,sar_sat_3_0,MEASUREMENT_BID
82320.0,therm_sat_1_0,MEASUREMENT_BID
82320.0,sar_sat_5_0,MEASUREMENT_BID
82320.0,sar_sat_1_0,MEASUREMENT_BID
82320.0,therm_sat_2_0,MEASUREMENT_BID
82320.0,therm_sat_0_0,MEASUREMENT_BID
82320.0,therm_sat_5_0,MEASUREMENT_BID
82320.0,vis_sat_7_0,MEASUREMENT_BID
82320.0,vis_sat_3_0,MEASUREMENT_BID
82320.0,vis_sat_2_0,MEASUREMENT_BID
82320.0,therm_sat_4_0,MEASUREMENT_BID
83830.0,sar_sat_6_0,MEASUREMENT_REQ
83830.0,sar_sat_6_0,MEASUREMENT_BID
83830.0,vis_sat_5_0,MEASUREMENT_BID
83830.0,vis_sat_4_0,MEASUREMENT_BID
83830.0,therm_sat_2_0,MEASUREMENT_BID
83830.0,sar_sat_4_0,MEASUREMENT_BID
83830.0,therm_sat_1_0,MEASUREMENT_BID
83830.0,therm_sat_7_0,MEASUREMENT_BID
83830.0,therm_sat_6_0,MEASUREMENT_BID
83830.0,vis_sat_3_0,MEASUREMENT_BID
83830.0,vis_sat_2_0,MEASUREMENT_BID
83830.0,therm_sat_0_0,MEASUREMENT_BID
83830.0,sar_sat_1_0,MEASUREMENT_BID
83830.0,vis_sat_7_0,MEASUREMENT_BID
83830.0,sar_sat_0_0,MEASUREMENT_BID
83830.0,therm_sat_3_0,MEASUREMENT_BID
83830.0,sar_sat_5_0,MEASUREMENT_BID
83830.0,vis_sat_6_0,MEASUREMENT_BID
83830.0,sar_sat_3_0,MEASUREMENT_BID
83830.0,vis_sat_1_0,MEASUREMENT_BID
83830.0,sar_sat_7_0,MEASUREMENT_BID
83830.0,therm_sat_4_0,MEASUREMENT_BID
83830.0,vis_sat_0_0,MEASUREMENT_BID
83830.0,therm_sat_5_0,MEASUREMENT_BID
83830.0,sar_sat_2_0,MEASUREMENT_BID
